Rk,Player,Bats,Age,Team,WAR,G,PA,AB,R,H,2B,3B,HR,RBI,SB,CS,BB,SO,BA,OBP,SLG,OPS,OPS+,TB,GIDP,HBP,SH,SF,IBB,
3,Corbin Carroll,Left,24,ARI,1.7,38,177,159,30,46,8,4,11,28,5,2,14,46,0.289,0.362,0.597,0.959,164,95,1,4,0,0,1,
20,Geraldo Perdomo,Both,25,ARI,2.1,38,167,133,19,39,8,0,5,30,9,0,26,18,0.293,0.4,0.466,0.866,142,62,1,1,2,5,0,
41,Josh Naylor,Left,28,ARI,0.5,37,159,138,19,41,9,0,4,23,6,2,17,19,0.297,0.373,0.449,0.823,130,62,7,1,0,2,1,
52,Eugenio Suárez,Right,33,ARI,0.4,38,154,135,21,27,6,0,10,23,1,0,14,41,0.2,0.292,0.467,0.759,109,63,2,4,0,1,1,
88,Lourdes Gurriel Jr.,Right,31,ARI,-0.2,35,146,136,13,29,8,0,6,20,1,0,5,19,0.213,0.24,0.404,0.644,77,55,1,1,0,4,0,
176,Pavin Smith,Left,29,ARI,0.8,35,112,89,18,25,9,0,4,9,1,0,23,34,0.281,0.429,0.517,0.945,164,46,5,0,0,0,0,
198,Alek Thomas,Left,25,ARI,0.1,31,105,98,10,28,7,2,0,13,3,2,4,23,0.286,0.324,0.398,0.722,101,39,2,2,0,1,0,
205,Gabriel Moreno,Right,25,ARI,-0.1,31,102,91,16,23,3,0,1,9,0,0,10,18,0.253,0.333,0.319,0.652,84,29,2,1,0,0,0,
257,Tim Tawa,Right,26,ARI,0.5,22,78,66,11,13,2,0,5,11,2,0,9,17,0.197,0.295,0.455,0.749,107,30,2,1,0,2,0,
320,Randal Grichuk,Right,33,ARI,-0.3,26,59,55,6,12,9,0,0,6,0,0,4,15,0.218,0.271,0.382,0.653,81,21,3,0,0,0,1,
332,Ketel Marte,Both,31,ARI,0,14,54,45,8,12,3,0,1,2,0,1,9,8,0.267,0.389,0.4,0.789,122,18,3,0,0,0,1,
343,José Herrera,Both,28,ARI,0.1,14,49,41,6,8,2,0,1,4,0,0,5,12,0.195,0.283,0.317,0.6,68,13,0,0,3,0,0,
351,Jake McCarthy,Left,27,ARI,-0.6,14,47,41,2,3,1,0,0,3,1,0,4,6,0.073,0.17,0.098,0.268,-22,4,0,1,0,1,0,
367,Garrett Hampson,Right,30,ARI,0.1,17,41,30,10,5,0,0,0,0,2,1,9,10,0.167,0.359,0.167,0.526,54,5,0,0,2,0,0,
433,Jorge Barrosa,Both,24,ARI,-0.1,5,16,15,1,3,2,0,0,4,0,0,0,5,0.2,0.188,0.333,0.521,43,5,0,0,0,1,0,
18,Brent Rooker,Right,30,ATH,0.4,38,168,153,25,38,7,1,9,19,2,1,13,43,0.248,0.315,0.484,0.799,123,74,3,2,0,0,0,
36,Lawrence Butler,Left,24,ATH,0.5,36,160,146,19,35,7,0,6,13,6,1,14,40,0.24,0.306,0.411,0.717,101,60,1,0,0,0,0,
39,Tyler Soderstrom,Left,23,ATH,1.2,38,160,145,24,42,6,0,9,25,2,0,13,35,0.29,0.35,0.517,0.867,142,75,6,1,0,1,0,
54,JJ Bleday,Left,27,ATH,0.1,37,153,132,24,29,9,0,4,15,1,1,20,32,0.22,0.32,0.379,0.699,98,50,2,0,0,1,1,
73,Jacob Wilson,Right,23,ATH,1.1,36,150,143,20,51,8,0,3,21,1,0,6,7,0.357,0.383,0.476,0.858,142,68,4,0,1,0,0,
125,Shea Langeliers,Right,27,ATH,0.5,32,134,120,15,27,4,0,7,17,1,0,12,19,0.225,0.291,0.433,0.724,102,52,3,0,0,2,1,
194,Miguel Andujar,Right,30,ATH,0.2,27,105,97,11,31,2,1,2,15,1,0,6,11,0.32,0.352,0.423,0.775,119,41,2,0,0,2,0,
226,Gio Urshela,Right,33,ATH,-0.5,28,95,88,3,20,9,1,0,12,0,0,5,15,0.227,0.269,0.352,0.621,75,31,2,0,2,0,0,
237,Luis Urías,Right,28,ATH,0.6,26,87,72,8,19,0,0,5,9,0,0,10,11,0.264,0.353,0.472,0.825,132,34,5,1,0,2,0,
281,Max Muncy,Right,22,ATH,-0.6,21,71,68,4,12,4,0,1,4,0,0,3,21,0.176,0.211,0.279,0.491,38,19,1,0,0,0,0,
344,Nick Kurtz,Left,22,ATH,-0.2,13,49,42,3,11,0,1,0,5,0,1,5,19,0.262,0.327,0.31,0.636,82,13,2,0,0,2,0,
348,Seth Brown,Left,32,ATH,-0.3,26,47,40,5,9,2,0,1,2,1,0,5,14,0.225,0.34,0.35,0.69,97,14,2,2,0,0,0,
394,Max Schuemann,Right,28,ATH,0.1,23,32,30,4,7,0,2,0,0,2,1,2,5,0.233,0.281,0.367,0.648,82,11,2,0,0,0,0,
399,Jhonny Pereda,Right,29,ATH,-0.1,10,29,27,0,5,1,0,0,1,0,0,2,9,0.185,0.241,0.222,0.464,33,6,0,0,0,0,0,
27,Austin Riley,Right,28,ATL,1.4,37,164,154,17,44,7,0,8,25,1,0,8,49,0.286,0.329,0.487,0.816,127,75,2,2,0,0,1,
33,Matt Olson,Left,31,ATL,1,37,161,131,19,30,5,0,6,20,0,0,28,33,0.229,0.366,0.405,0.771,117,53,7,1,0,1,0,
35,Ozzie Albies,Both,28,ATL,0.4,37,160,146,21,34,4,0,5,15,5,0,13,25,0.233,0.294,0.363,0.657,84,53,1,0,0,1,0,
56,Michael Harris II,Left,24,ATL,0.2,37,153,144,11,33,7,1,3,22,7,1,4,29,0.229,0.245,0.354,0.599,67,51,1,0,2,3,0,
76,Marcell Ozuna,Right,34,ATL,1.1,34,149,116,16,32,4,0,5,13,0,0,31,32,0.276,0.43,0.44,0.869,146,51,2,1,0,1,0,
212,Nick Allen,Right,26,ATL,0.5,30,100,93,8,23,4,0,0,7,5,2,5,25,0.247,0.3,0.29,0.59,67,27,1,2,0,0,0,
230,Sean Murphy,Right,30,ATL,0.8,22,91,80,11,18,2,0,7,14,0,0,8,30,0.225,0.319,0.513,0.831,130,41,2,3,0,0,0,
254,Alex Verdugo,Left,29,ATL,0,17,79,73,10,19,7,0,0,7,1,0,6,6,0.26,0.316,0.356,0.673,89,26,0,0,0,0,0,
272,Eli White,Right,31,ATL,0.7,29,75,69,16,21,6,2,2,9,3,1,5,18,0.304,0.351,0.536,0.888,146,37,0,0,1,0,1,
293,Drake Baldwin,Left,24,ATL,0.3,21,67,61,5,17,2,0,3,8,0,0,6,12,0.279,0.343,0.459,0.802,124,28,1,0,0,0,0,
300,Jarred Kelenic,Left,25,ATL,-0.6,23,65,60,7,10,2,0,2,2,0,1,5,23,0.167,0.231,0.3,0.531,48,18,1,0,0,0,0,
339,Bryan De La Cruz,Right,28,ATL,-0.3,16,50,47,1,9,1,0,0,0,1,0,3,18,0.191,0.24,0.213,0.453,29,10,1,0,0,0,0,
392,Orlando Arcia,Right,30,ATL,-0.1,12,32,31,1,6,1,0,0,1,0,0,1,8,0.194,0.219,0.226,0.445,26,7,0,0,0,0,0,
417,Stuart Fairchild,Right,29,ATL,-0.2,13,21,21,3,1,0,1,0,0,1,0,0,7,0.048,0.048,0.143,0.19,-49,3,1,0,0,0,0,
437,Jurickson Profar,Both,32,ATL,-0.3,4,16,15,2,3,0,0,0,0,0,0,1,3,0.2,0.25,0.2,0.45,29,3,0,0,0,0,0,
471,Eddie Rosario,Left,33,ATL,0,3,4,4,1,0,0,0,0,0,0,0,0,2,0,0,0,0,-100,0,0,0,0,0,0,
479,Chadwick Tromp,Right,30,ATL,-0.1,2,6,5,0,0,0,0,0,0,0,0,1,2,0,0.167,0,0.167,-48,0,1,0,0,0,0,
103,Cedric Mullins,Left,30,BAL,0.9,34,140,118,18,28,5,0,7,21,5,1,20,30,0.237,0.357,0.458,0.815,137,54,1,2,0,0,0,
116,Adley Rutschman,Both,27,BAL,0.3,34,137,119,15,25,4,0,4,10,0,0,18,23,0.21,0.314,0.345,0.658,93,41,5,0,0,0,0,
148,Gunnar Henderson,Left,24,BAL,0.4,29,123,116,14,29,7,1,3,5,3,0,7,33,0.25,0.293,0.405,0.698,102,47,3,0,0,0,1,
149,Ryan Mountcastle,Right,28,BAL,0.1,35,123,115,13,24,7,0,2,11,0,0,5,31,0.209,0.244,0.322,0.566,65,37,4,1,0,2,0,
180,Jackson Holliday,Left,21,BAL,0.2,31,110,100,12,26,1,1,4,11,2,3,8,26,0.26,0.327,0.41,0.737,115,41,2,2,0,0,0,
191,Ryan O'Hearn,Left,31,BAL,0.9,28,107,95,14,29,4,0,7,14,1,1,10,15,0.305,0.383,0.568,0.952,175,54,2,2,0,0,0,
213,Heston Kjerstad,Left,26,BAL,-0.7,33,100,94,10,20,3,0,3,13,1,0,2,31,0.213,0.25,0.34,0.59,71,32,4,3,0,1,0,
220,Jordan Westburg,Right,26,BAL,0.1,23,98,92,12,20,2,1,4,6,0,1,5,22,0.217,0.265,0.391,0.657,90,36,1,1,0,0,0,
248,Ramón Urías,Right,31,BAL,0.6,22,82,72,5,21,2,0,2,9,0,0,8,16,0.292,0.354,0.403,0.756,122,29,2,0,0,2,0,
273,Tyler O'Neill,Right,30,BAL,0.3,18,74,65,8,14,3,1,2,10,0,0,5,21,0.215,0.284,0.385,0.668,94,25,1,2,0,2,0,
294,Ramón Laureano,Right,30,BAL,0.7,26,67,61,7,13,5,0,4,7,1,0,5,19,0.213,0.269,0.492,0.76,117,30,3,0,0,1,0,
387,Gary Sánchez,Right,32,BAL,-0.4,12,35,30,1,3,0,0,0,4,0,0,1,12,0.1,0.2,0.1,0.3,-8,3,0,3,0,1,0,
401,Jorge Mateo,Right,30,BAL,-0.4,16,28,28,1,4,2,0,0,0,5,1,0,10,0.143,0.143,0.214,0.357,3,6,1,0,0,0,0,
427,Colton Cowser,Left,25,BAL,0,4,18,16,2,2,0,0,1,1,0,0,1,6,0.125,0.222,0.313,0.535,55,5,0,1,0,0,0,
429,Dylan Carlson,Both,26,BAL,-0.2,10,17,15,1,0,0,0,0,2,0,0,1,8,0,0.059,0,0.059,-81,0,0,0,0,1,0,
438,Emmanuel Rivera,Right,29,BAL,0.2,5,16,15,1,6,2,0,0,2,0,0,1,4,0.4,0.438,0.533,0.971,184,8,0,0,0,0,0,
446,Coby Mayo,Right,23,BAL,-0.4,4,13,12,0,1,0,0,0,0,0,0,1,6,0.083,0.154,0.083,0.237,-28,1,0,0,0,0,0,
469,Maverick Handley,Right,27,BAL,0,3,8,7,0,1,0,0,0,0,0,0,0,4,0.143,0.25,0.143,0.393,19,1,0,1,0,0,0,
2,Jarren Duran,Left,28,BOS,0.2,38,180,166,19,43,9,4,2,20,11,3,10,35,0.259,0.311,0.398,0.709,98,66,1,3,0,1,0,
4,Rafael Devers,Left,28,BOS,1,39,177,145,23,37,11,0,6,25,1,0,29,46,0.255,0.379,0.455,0.834,133,66,2,1,0,2,2,
7,Alex Bregman,Right,31,BOS,2.3,38,171,151,28,48,15,0,9,30,1,1,15,31,0.318,0.392,0.596,0.988,173,90,2,4,0,1,1,
48,Trevor Story,Right,32,BOS,0.5,37,155,146,18,37,2,0,5,16,8,0,7,46,0.253,0.297,0.37,0.667,86,54,0,2,0,0,0,
95,Wilyer Abreu,Left,26,BOS,2.1,37,144,123,22,35,7,0,9,25,4,0,21,30,0.285,0.389,0.561,0.95,163,69,2,0,0,0,4,
106,Kristian Campbell,Right,23,BOS,0.6,33,139,119,18,33,8,0,4,13,2,1,19,35,0.277,0.374,0.445,0.819,130,53,0,0,0,1,0,
145,Ceddanne Rafaela,Right,24,BOS,1.4,34,125,113,19,27,4,1,2,15,7,0,8,22,0.239,0.298,0.345,0.644,81,39,0,2,1,1,0,
170,Triston Casas,Left,25,BOS,-0.9,29,112,99,5,18,3,0,3,11,0,0,11,27,0.182,0.277,0.303,0.58,63,30,3,2,0,0,2,
221,Carlos Narváez,Right,26,BOS,0.7,26,97,90,12,20,5,0,3,11,0,1,7,24,0.222,0.278,0.378,0.656,83,34,2,0,0,0,0,
322,Romy González,Right,28,BOS,0.5,17,58,52,10,16,6,0,0,6,3,1,4,12,0.308,0.362,0.423,0.785,120,22,1,1,0,1,0,
349,David Hamilton,Left,27,BOS,-0.1,17,47,44,6,7,1,0,1,3,5,0,2,12,0.159,0.196,0.25,0.446,24,11,0,0,1,0,0,
371,Rob Refsnyder,Right,34,BOS,0.4,13,40,37,6,12,3,0,2,5,2,0,2,11,0.324,0.35,0.568,0.918,153,21,2,0,0,1,0,
382,Connor Wong,Right,29,BOS,0,12,38,34,3,5,0,0,0,0,1,0,3,9,0.147,0.237,0.147,0.384,11,5,2,1,0,0,0,
428,Blake Sabol,Left,27,BOS,-0.2,8,18,16,2,2,1,0,0,1,0,0,1,7,0.125,0.167,0.188,0.354,0,3,1,0,0,1,0,
464,Abraham Toro,Both,28,BOS,-0.3,4,9,9,0,1,0,0,0,0,0,0,0,1,0.111,0.111,0.111,0.222,-37,1,0,0,0,0,0,
425,Nicky Lopez,Left,30,CHC,-0.3,11,19,17,2,1,0,0,0,1,0,0,2,3,0.059,0.158,0.059,0.217,-35,1,1,0,0,0,0,
1,Ian Happ,Both,30,CHC,1,38,183,157,29,43,9,0,3,19,2,1,23,34,0.274,0.366,0.389,0.755,116,61,3,1,0,2,0,
5,Kyle Tucker,Left,28,CHC,1.6,38,177,148,30,42,8,2,9,31,10,0,28,20,0.284,0.395,0.547,0.943,166,81,3,0,0,1,3,
34,Dansby Swanson,Right,31,CHC,1.1,38,161,148,27,35,7,1,7,20,4,0,11,45,0.236,0.288,0.439,0.727,104,65,1,0,1,1,0,
45,Pete Crow-Armstrong,Left,23,CHC,2.3,38,158,147,29,39,11,1,9,27,12,2,7,34,0.265,0.303,0.537,0.841,134,79,0,1,3,0,0,
59,Seiya Suzuki,Right,30,CHC,0.6,34,153,139,20,35,6,2,9,31,1,1,13,45,0.252,0.314,0.518,0.832,133,72,4,0,0,1,0,
89,Nico Hoerner,Right,28,CHC,1,34,146,135,17,38,7,1,0,15,7,2,8,12,0.281,0.322,0.348,0.67,91,47,0,1,0,2,0,
112,Michael Busch,Left,27,CHC,1,36,138,120,16,30,7,1,6,22,2,0,15,35,0.25,0.348,0.475,0.823,132,57,1,3,0,0,0,
239,Carson Kelly,Right,30,CHC,1.7,22,86,66,17,23,2,1,8,23,0,0,18,9,0.348,0.488,0.773,1.261,253,51,2,1,0,1,0,
265,Miguel Amaya,Right,26,CHC,0.6,20,75,70,10,18,6,0,3,16,0,0,2,17,0.257,0.284,0.471,0.755,111,33,0,1,1,1,0,
290,Matt Shaw,Right,23,CHC,0,18,68,58,11,10,1,0,1,3,0,0,10,18,0.172,0.294,0.241,0.535,55,14,0,0,0,0,0,
299,Jon Berti,Right,35,CHC,0.3,24,65,59,10,16,2,0,0,2,7,1,4,12,0.271,0.338,0.305,0.644,86,18,1,2,0,0,0,
307,Justin Turner,Right,40,CHC,-0.4,22,63,53,4,9,0,0,0,7,1,0,7,15,0.17,0.27,0.17,0.44,29,9,1,1,0,2,0,
425,Nicky Lopez,Left,30,CHC,-0.1,7,13,11,2,1,0,0,0,1,0,0,2,2,0.091,0.231,0.091,0.322,-4,1,1,0,0,0,0,
432,Gage Workman,Left,25,CHC,-0.2,9,15,14,0,3,1,0,0,2,1,0,1,6,0.214,0.267,0.286,0.552,58,4,0,0,0,0,0,
460,Vidal Bruján,Both,27,CHC,-0.2,11,9,9,1,2,1,0,0,0,1,1,0,2,0.222,0.222,0.333,0.556,56,3,0,0,0,0,0,
71,Miguel Vargas,Right,25,CHW,0.6,37,150,132,15,29,8,0,2,12,1,0,16,30,0.22,0.313,0.326,0.639,85,43,0,2,0,0,0,
81,Luis Robert Jr.,Right,27,CHW,0.6,36,148,125,19,24,3,0,5,16,15,5,20,46,0.192,0.301,0.336,0.637,84,42,3,0,0,1,1,
83,Andrew Vaughn,Right,27,CHW,-1.1,36,148,140,7,26,6,0,3,14,0,0,7,35,0.186,0.223,0.293,0.516,47,41,3,0,0,1,0,
127,Lenyn Sosa,Right,25,CHW,-0.1,37,134,129,10,32,5,0,2,10,0,0,4,32,0.248,0.271,0.333,0.604,73,43,3,0,1,0,0,
167,Brooks Baldwin,Both,24,CHW,-0.5,35,115,107,6,26,5,0,3,15,2,0,5,31,0.243,0.274,0.374,0.648,85,40,4,0,2,1,0,
225,Andrew Benintendi,Left,30,CHW,0.4,24,95,85,13,19,0,0,5,12,0,0,8,17,0.224,0.298,0.4,0.698,99,34,1,1,0,0,0,
258,Michael A. Taylor,Right,34,CHW,-0.1,32,78,73,9,14,5,1,1,6,3,0,5,24,0.192,0.244,0.329,0.572,63,24,1,0,0,0,0,
259,Matt Thaiss,Left,30,CHW,0.8,25,78,60,8,14,4,0,1,7,0,1,16,13,0.233,0.397,0.35,0.747,118,21,2,1,0,1,0,
286,Joshua Palacios,Left,29,CHW,-0.5,26,69,59,5,11,0,0,1,4,0,0,7,19,0.186,0.304,0.237,0.542,59,14,0,3,0,0,0,
289,Edgar Quero,Both,22,CHW,0.7,19,68,58,6,17,3,0,0,8,0,0,8,11,0.293,0.397,0.345,0.742,117,20,1,2,0,0,0,
305,Nick Maton,Left,28,CHW,-0.1,25,63,54,5,9,2,0,2,4,0,1,9,19,0.167,0.286,0.315,0.601,73,17,0,0,0,0,0,
312,Chase Meidroth,Right,23,CHW,0.5,17,62,53,9,13,1,0,0,2,3,0,9,9,0.245,0.355,0.264,0.619,82,14,2,0,0,0,0,
313,Jacob Amaya,Right,26,CHW,-1,29,61,55,6,5,1,0,0,6,2,0,2,14,0.091,0.117,0.109,0.226,-34,6,1,0,1,3,0,
390,Travis Jankowski,Left,34,CHW,-0.2,7,15,14,1,3,0,0,0,0,0,0,1,3,0.214,0.267,0.214,0.481,41,3,0,0,0,0,0,
416,Bobby Dalbec,Right,30,CHW,0,7,21,18,2,4,1,0,0,1,0,0,3,6,0.222,0.333,0.278,0.611,79,5,1,0,0,0,0,
423,Austin Slater,Right,32,CHW,0,8,20,20,2,5,2,0,1,1,0,0,0,5,0.25,0.25,0.5,0.75,110,10,0,0,0,0,0,
430,Korey Lee,Right,26,CHW,0.2,9,17,15,3,5,2,0,0,1,0,0,2,3,0.333,0.412,0.467,0.878,153,7,0,0,0,0,0,
432,Gage Workman,Left,25,CHW,-0.1,3,2,2,0,0,0,0,0,0,0,0,0,1,0,0,0,0,-100,0,0,0,0,0,0,
448,Josh Rojas,Left,31,CHW,0.3,4,12,10,0,3,0,0,0,2,1,0,2,3,0.3,0.417,0.3,0.717,112,3,0,0,0,0,0,
449,Mike Tauchman,Left,34,CHW,0.2,3,12,10,1,4,0,0,0,0,0,0,2,2,0.4,0.5,0.4,0.9,164,4,0,0,0,0,0,
457,Omar Narváez,Left,33,CHW,0.1,4,10,7,1,2,0,0,0,3,0,0,2,1,0.286,0.4,0.286,0.686,102,2,0,0,0,1,0,
8,Elly De La Cruz,Both,23,CIN,0.8,39,171,151,25,39,5,0,5,25,14,4,17,48,0.258,0.339,0.391,0.73,100,59,0,2,0,1,2,
22,TJ Friedl,Left,29,CIN,0.6,36,166,147,20,40,6,1,3,16,8,2,15,26,0.272,0.339,0.388,0.727,100,57,3,1,1,2,0,
108,Gavin Lux,Left,27,CIN,0.3,35,139,121,15,36,9,1,1,16,1,0,18,31,0.298,0.388,0.413,0.802,121,50,0,0,0,0,0,
123,Spencer Steer,Right,27,CIN,-0.3,32,135,123,18,23,4,0,3,11,2,0,11,32,0.187,0.259,0.293,0.552,52,36,4,1,0,0,0,
134,Matt McLain,Right,25,CIN,0.2,30,131,112,17,19,1,0,4,12,9,0,17,41,0.17,0.29,0.286,0.576,59,32,2,2,0,0,0,
202,Santiago Espinal,Right,30,CIN,0.3,30,103,95,8,30,5,0,0,9,0,1,8,9,0.316,0.369,0.368,0.737,104,35,2,0,0,0,0,
228,Jeimer Candelario,Both,31,CIN,-0.9,22,91,80,3,9,2,0,2,10,0,1,9,29,0.113,0.198,0.213,0.41,13,17,1,0,0,2,0,
229,Jake Fraley,Left,30,CIN,0.2,28,91,78,12,16,3,0,3,9,3,2,13,16,0.205,0.319,0.359,0.678,86,28,0,0,0,0,0,
231,Jose Trevino,Right,32,CIN,0.9,29,91,84,15,26,9,0,3,10,0,0,5,11,0.31,0.344,0.524,0.868,135,44,2,0,1,1,0,
266,Blake Dunn,Right,26,CIN,-0.1,30,75,60,10,9,2,0,1,7,1,1,8,25,0.15,0.32,0.233,0.553,55,14,1,7,0,0,0,
277,Noelvi Marté,Right,23,CIN,0.7,19,73,68,10,20,4,1,3,17,4,1,5,12,0.294,0.342,0.515,0.857,132,35,2,0,0,0,0,
318,Christian Encarnacion-Strand,Right,25,CIN,-0.7,15,60,57,4,9,2,0,2,5,0,1,1,13,0.158,0.183,0.298,0.482,30,17,1,1,0,1,0,
323,Austin Hays,Right,29,CIN,1,13,58,52,15,19,3,0,5,13,1,0,6,13,0.365,0.431,0.712,1.143,208,37,1,0,0,0,1,
372,Austin Wynns,Right,34,CIN,0.7,14,40,37,6,15,2,0,3,11,0,0,3,11,0.405,0.45,0.703,1.153,211,26,1,0,0,0,0,
403,Tyler Stephenson,Right,28,CIN,-0.1,7,27,22,3,4,2,0,1,4,0,0,5,11,0.182,0.333,0.409,0.742,103,9,0,0,0,0,1,
441,Jacob Hurtubise,Left,27,CIN,-0.1,12,15,12,3,1,0,0,0,0,0,0,1,6,0.083,0.267,0.083,0.35,2,1,0,2,0,0,0,
474,Rece Hinds,Right,24,CIN,0.2,2,7,6,1,2,1,0,1,2,0,0,1,3,0.333,0.429,1,1.429,278,6,0,0,0,0,0,
476,Tyler Callihan,Left,25,CIN,-0.2,4,6,6,0,1,0,0,0,1,0,0,0,1,0.167,0.167,0.167,0.333,-8,1,0,0,0,0,0,
484,Will Benson,Left,27,CIN,-0.1,1,4,4,0,0,0,0,0,0,0,0,0,4,0,0,0,0,-100,0,0,0,0,0,0,
31,Steven Kwan,Left,27,CLE,2.2,37,162,147,24,49,7,0,4,17,5,0,13,15,0.333,0.391,0.463,0.854,144,68,0,1,1,0,0,
82,Carlos Santana,Both,39,CLE,0.6,35,148,128,19,30,3,0,4,16,2,0,16,25,0.234,0.324,0.352,0.676,94,45,1,2,0,2,1,
85,José Ramírez,Both,32,CLE,0.5,35,147,129,16,35,7,0,5,17,8,2,12,17,0.271,0.333,0.442,0.775,120,57,0,2,0,4,2,
133,Kyle Manzardo,Left,24,CLE,0.5,32,131,109,15,23,3,1,8,21,1,0,18,33,0.211,0.321,0.477,0.798,125,52,1,1,0,3,1,
140,Gabriel Arias,Right,25,CLE,1.1,35,127,115,19,33,7,0,4,16,2,1,8,33,0.287,0.339,0.452,0.791,125,52,2,2,0,2,0,
204,Nolan Jones,Left,27,CLE,-0.6,33,102,86,7,14,6,0,2,6,3,2,15,31,0.163,0.287,0.302,0.589,70,26,2,0,1,0,1,
207,Brayan Rocchio,Both,24,CLE,-1,35,102,91,8,15,3,0,0,8,2,2,5,21,0.165,0.235,0.198,0.433,26,18,3,4,0,2,0,
216,Bo Naylor,Left,25,CLE,0.5,27,99,85,12,17,2,0,5,11,1,1,12,20,0.2,0.296,0.4,0.696,98,34,1,0,1,1,0,
242,Ángel Martínez,Both,23,CLE,0.1,24,84,80,8,25,4,1,0,9,3,0,2,14,0.313,0.325,0.388,0.713,104,31,2,0,1,1,0,
253,Daniel Schneemann,Left,28,CLE,0.9,28,80,70,13,20,5,0,5,11,0,1,9,21,0.286,0.367,0.571,0.939,165,40,2,0,1,0,0,
279,Jhonkensy Noel,Right,23,CLE,-0.4,29,72,69,9,12,2,0,2,9,0,0,2,21,0.174,0.194,0.29,0.484,37,20,3,0,0,1,0,
347,Lane Thomas,Right,29,CLE,-0.6,13,48,45,2,7,1,0,0,2,1,0,1,15,0.156,0.188,0.178,0.365,6,8,3,1,0,1,0,
362,Austin Hedges,Right,32,CLE,0.6,14,42,34,4,5,0,0,3,3,1,0,7,15,0.147,0.293,0.412,0.704,100,14,0,0,1,0,0,
421,Will Wilson,Right,26,CLE,-0.2,9,21,18,1,3,0,0,0,0,0,0,2,6,0.167,0.286,0.167,0.452,34,3,0,1,0,0,0,
481,Johnathan Rodríguez,Right,25,CLE,-0.1,4,5,5,0,0,0,0,0,0,0,0,0,3,0,0,0,0,-100,0,0,0,0,0,0,
79,Ryan McMahon,Left,30,COL,0.7,36,148,124,13,23,5,1,4,9,1,0,22,48,0.185,0.311,0.339,0.65,77,42,1,1,0,1,0,
104,Michael Toglia,Both,26,COL,-0.6,36,140,127,9,26,7,0,4,15,2,0,11,49,0.205,0.271,0.354,0.626,69,45,3,1,0,1,2,
107,Hunter Goodman,Right,25,COL,0.4,35,139,125,16,33,5,0,5,18,0,0,10,32,0.264,0.331,0.424,0.755,104,53,5,3,0,1,0,
156,Brenton Doyle,Right,27,COL,0.3,28,120,110,11,24,4,0,4,16,4,0,9,29,0.218,0.275,0.364,0.639,73,40,3,0,0,1,0,
186,Mickey Moniak,Left,27,COL,-0.3,33,108,99,13,22,3,4,3,9,1,2,8,22,0.222,0.287,0.424,0.711,91,42,0,1,0,0,1,
196,Kyle Farmer,Right,34,COL,-0.2,31,105,100,2,24,9,0,0,7,0,0,4,24,0.24,0.267,0.33,0.597,62,33,3,0,0,1,0,
224,Jordan Beck,Right,24,COL,0.3,27,95,86,16,23,3,3,5,12,4,2,8,30,0.267,0.326,0.547,0.873,133,47,1,0,0,1,0,
255,Nick Martini,Left,35,COL,0.1,30,78,70,7,17,2,0,0,2,0,0,8,10,0.243,0.321,0.271,0.592,64,19,1,0,0,0,1,
285,Ezequiel Tovar,Right,23,COL,0,16,70,66,4,14,4,1,0,4,2,2,3,13,0.212,0.257,0.303,0.56,52,20,0,1,0,0,0,
298,Jacob Stallings,Right,35,COL,-0.3,19,66,57,4,10,3,0,0,6,0,0,5,24,0.175,0.277,0.228,0.505,40,13,1,3,1,0,0,
309,Sean Bouchard,Right,29,COL,-0.7,26,62,56,6,9,0,1,1,6,1,0,6,23,0.161,0.242,0.25,0.492,35,14,1,0,0,0,0,
337,Adael Amador,Both,22,COL,-0.5,18,51,46,2,7,3,0,1,3,1,0,3,15,0.152,0.22,0.283,0.503,36,13,1,1,1,0,0,
365,Kris Bryant,Right,33,COL,-0.5,11,41,39,2,6,2,0,0,1,0,0,2,13,0.154,0.195,0.205,0.4,9,8,1,0,0,0,0,
383,Zac Veen,Left,23,COL,-0.2,12,37,34,1,4,1,0,1,2,1,1,2,14,0.118,0.189,0.235,0.424,15,8,0,1,0,0,0,
396,Alan Trejo,Right,29,COL,-0.1,9,31,28,3,6,2,0,0,1,0,0,1,6,0.214,0.233,0.286,0.519,41,8,3,0,1,1,0,
420,Aaron Schunk,Right,27,COL,0,7,21,20,1,5,1,0,0,0,0,0,0,5,0.25,0.25,0.3,0.55,49,6,1,0,1,0,0,
434,Tyler Freeman,Right,26,COL,-0.4,7,16,11,4,1,0,0,0,1,1,0,2,3,0.091,0.313,0.091,0.403,17,1,1,2,0,1,0,
451,Owen Miller,Right,28,COL,0,5,11,9,0,1,0,0,0,1,0,0,2,2,0.111,0.273,0.111,0.384,10,1,0,0,0,0,0,
468,Braxton Fulford,Right,26,COL,-0.1,4,8,8,1,1,0,0,1,1,0,0,0,5,0.125,0.125,0.5,0.625,61,4,0,0,0,0,0,
390,Travis Jankowski,Left,34,CWS,-0.2,16,34,32,5,8,1,0,0,0,2,0,2,9,0.25,0.294,0.281,0.575,67,9,0,0,0,0,0,
432,Gage Workman,Left,25,CWS,-0.3,12,17,16,0,3,1,0,0,2,1,0,1,7,0.188,0.235,0.25,0.485,39,4,0,0,0,0,0,
29,Spencer Torkelson,Right,25,DET,1.6,38,163,138,28,35,11,0,10,32,1,0,20,40,0.254,0.356,0.551,0.907,157,76,5,3,0,2,1,
51,Riley Greene,Left,24,DET,0.5,36,154,143,20,37,5,0,8,21,0,0,10,44,0.259,0.312,0.462,0.773,120,66,4,1,0,0,1,
109,Zach McKinstry,Left,30,DET,1.3,34,139,117,20,33,6,3,1,16,3,0,19,37,0.282,0.377,0.41,0.787,127,48,1,0,1,2,1,
129,Trey Sweeney,Left,25,DET,0.9,37,133,119,23,32,3,1,3,15,2,1,14,26,0.269,0.346,0.387,0.732,111,46,1,0,0,0,0,
130,Kerry Carpenter,Left,27,DET,0.6,35,132,126,19,35,5,0,8,20,0,1,2,23,0.278,0.298,0.508,0.806,127,64,1,2,0,1,0,
173,Colt Keith,Left,23,DET,0.1,35,112,93,17,20,2,0,4,11,0,0,19,23,0.215,0.348,0.366,0.714,106,34,1,0,0,0,0,
177,Gleyber Torres,Right,28,DET,0.8,25,112,100,15,29,5,0,4,20,4,0,8,9,0.29,0.348,0.46,0.808,131,46,3,2,0,2,0,
179,Javier Báez,Right,32,DET,1.6,30,110,104,16,33,8,0,3,19,1,1,4,26,0.317,0.355,0.481,0.835,138,50,2,2,0,0,0,
201,Dillon Dingler,Right,26,DET,0.8,27,103,100,11,29,4,1,4,15,0,0,1,30,0.29,0.311,0.47,0.781,121,47,0,2,0,0,0,
241,Justyn-Henry Malloy,Right,25,DET,0.1,29,84,65,10,13,4,0,1,12,0,0,16,22,0.2,0.357,0.308,0.665,94,20,1,1,0,2,0,
310,Andy Ibáńez,Right,32,DET,0.6,25,62,54,8,14,2,0,2,12,2,0,5,4,0.259,0.339,0.407,0.746,114,22,1,2,0,1,0,
359,Ryan Kreidler,Right,27,DET,-0.2,17,44,38,5,4,0,0,0,0,2,0,4,19,0.105,0.19,0.105,0.296,-12,4,0,0,2,0,0,
368,Jace Jung,Left,24,DET,-0.2,14,41,34,6,4,0,0,0,3,0,0,7,11,0.118,0.268,0.118,0.386,17,4,2,0,0,0,0,
395,Tomás Nido,Right,31,DET,0.2,8,31,29,4,10,0,0,0,2,0,0,0,10,0.345,0.367,0.345,0.711,107,10,1,1,1,0,0,
414,Jake Rogers,Right,30,DET,0.4,6,22,18,3,4,0,1,0,0,0,0,4,5,0.222,0.364,0.333,0.697,103,6,0,0,0,0,0,
422,Manuel Margot,Right,30,DET,-0.1,6,20,19,1,6,0,0,0,3,0,0,0,6,0.316,0.3,0.316,0.616,78,6,0,0,0,1,0,
485,Brewer Hicklen,Right,29,DET,0.1,1,4,3,2,2,0,0,0,0,1,0,1,1,0.667,0.75,0.667,1.417,314,2,0,0,0,0,0,
49,Jose Altuve,Right,35,HOU,-0.6,35,154,143,17,36,4,0,4,14,3,3,10,29,0.252,0.299,0.364,0.662,88,52,3,0,0,1,1,
63,Isaac Paredes,Right,26,HOU,1.4,35,152,129,15,33,3,1,4,15,0,0,21,26,0.256,0.368,0.388,0.756,117,50,3,2,0,0,0,
68,Jeremy Peńa,Right,27,HOU,1.6,36,151,136,19,38,6,0,5,16,5,0,10,21,0.279,0.34,0.434,0.774,120,59,2,3,1,1,1,
94,Christian Walker,Right,34,HOU,0.1,35,145,132,15,27,6,0,4,10,0,0,10,41,0.205,0.276,0.341,0.617,75,45,6,3,0,0,0,
152,Yordan Alvarez,Left,28,HOU,-0.4,29,121,100,7,21,4,0,3,18,1,0,16,21,0.21,0.306,0.34,0.646,85,34,0,0,0,5,3,
153,Yainer Diaz,Right,26,HOU,0,31,121,117,12,26,5,1,3,16,0,1,3,23,0.222,0.248,0.359,0.607,71,42,3,1,0,0,0,
174,Jake Meyers,Right,29,HOU,1,35,112,101,15,30,5,1,2,13,7,1,9,22,0.297,0.351,0.426,0.777,121,43,2,0,1,1,0,
223,Cam Smith,Right,22,HOU,0.5,26,96,85,9,18,2,1,3,10,1,0,9,29,0.212,0.302,0.365,0.667,90,31,1,2,0,0,0,
252,Brendan Rodgers,Right,28,HOU,0.2,25,81,71,8,16,3,0,1,10,0,1,8,27,0.225,0.309,0.31,0.619,78,22,2,1,0,1,0,
326,Zach Dezenzo,Right,25,HOU,0.2,19,57,52,12,14,4,0,1,7,1,0,5,17,0.269,0.333,0.404,0.737,110,21,1,0,0,0,0,
329,Mauricio Dubón,Right,30,HOU,0.1,22,55,51,4,11,2,0,0,6,2,0,3,4,0.216,0.259,0.255,0.514,48,13,0,0,1,0,0,
331,Victor Caratini,Both,31,HOU,0.1,18,54,46,8,10,3,0,1,2,0,0,6,11,0.217,0.333,0.348,0.681,95,16,2,2,0,0,0,
384,Chas McCormick,Right,30,HOU,0.1,23,36,28,4,7,1,0,0,0,1,1,4,11,0.25,0.344,0.286,0.629,83,8,1,0,4,0,0,
11,Bobby Witt Jr.,Right,25,KCR,2.7,39,171,151,25,49,16,0,5,23,13,4,15,26,0.325,0.392,0.53,0.922,159,80,0,3,0,2,3,
37,Vinnie Pasquantino,Left,27,KCR,0.2,38,160,148,14,32,5,1,6,23,0,0,10,29,0.216,0.269,0.385,0.654,83,57,1,1,0,1,2,
57,Jonathan India,Right,28,KCR,0,35,153,131,16,31,7,0,1,9,0,2,20,24,0.237,0.34,0.313,0.653,87,41,2,1,0,1,0,
74,Maikel Garcia,Right,25,KCR,1.5,38,149,132,15,43,10,1,4,17,9,5,15,20,0.326,0.392,0.508,0.899,153,67,1,0,1,1,0,
80,Salvador Perez,Right,35,KCR,-0.3,36,148,137,9,33,13,0,2,20,0,0,8,30,0.241,0.286,0.38,0.665,87,52,4,1,0,1,0,
126,Michael Massey,Left,27,KCR,-0.8,35,134,126,5,26,5,0,1,12,0,0,2,22,0.206,0.218,0.27,0.488,38,34,3,1,1,4,0,
219,Kyle Isbel,Left,28,KCR,0.6,34,98,92,10,23,2,1,3,12,1,1,1,19,0.25,0.253,0.391,0.644,79,36,1,0,3,2,0,
233,Drew Waters,Both,26,KCR,0.7,25,90,84,10,24,4,2,1,8,3,1,5,21,0.286,0.333,0.417,0.75,111,35,1,1,0,0,0,
236,Hunter Renfroe,Right,33,KCR,-1.6,28,87,79,2,12,3,0,0,4,0,0,7,17,0.152,0.218,0.19,0.408,17,15,3,0,0,1,0,
275,Freddy Fermin,Right,30,KCR,0.4,24,73,68,8,18,1,0,1,4,0,0,3,11,0.265,0.306,0.324,0.629,79,22,1,1,1,0,0,
303,Cavan Biggio,Left,30,KCR,-0.1,26,63,52,7,10,0,0,1,3,1,0,9,15,0.192,0.323,0.25,0.573,66,13,0,1,1,0,0,
336,MJ Melendez,Left,26,KCR,-0.4,16,52,47,4,4,1,0,1,1,0,0,3,20,0.085,0.173,0.17,0.343,-2,8,0,2,0,0,0,
369,Mark Canha,Right,36,KCR,0,17,40,34,7,10,2,0,0,2,0,0,4,8,0.294,0.375,0.353,0.728,108,12,0,1,0,1,0,
475,Luke Maile,Right,34,KCR,0.2,2,7,6,2,2,0,0,1,1,0,0,1,0,0.333,0.429,0.833,1.262,247,5,0,0,0,0,0,
482,Tyler Tolbert,Right,27,KCR,0.1,13,5,5,3,0,0,0,0,0,6,0,0,2,0,0,0,0,-100,0,0,0,0,0,0,
86,Taylor Ward,Right,31,LAA,-0.2,35,147,138,16,25,5,0,8,14,0,1,8,41,0.181,0.224,0.391,0.616,70,54,2,0,0,1,1,
98,Jorge Soler,Right,33,LAA,0.1,35,144,130,13,30,8,0,6,16,0,0,9,41,0.231,0.292,0.431,0.722,102,56,2,3,0,2,0,
111,Nolan Schanuel,Left,23,LAA,-0.2,35,139,121,17,31,6,1,2,9,1,1,15,20,0.256,0.341,0.372,0.712,102,45,4,1,1,1,2,
141,Luis Rengifo,Both,28,LAA,-1.3,34,126,119,9,25,5,0,1,9,1,2,6,22,0.21,0.246,0.277,0.523,48,33,5,0,0,1,0,
155,Mike Trout,Right,33,LAA,-0.1,29,121,106,14,19,1,1,9,18,2,0,12,36,0.179,0.264,0.462,0.727,101,49,1,1,0,2,2,
165,Logan O'Hoppe,Right,25,LAA,0.7,31,116,109,13,31,1,0,9,17,0,0,5,40,0.284,0.319,0.541,0.86,138,59,2,1,0,1,0,
187,Kyren Paris,Right,23,LAA,0.9,33,108,96,16,21,3,1,6,11,5,1,8,41,0.219,0.299,0.458,0.757,111,44,1,3,0,0,0,
200,Jo Adell,Right,26,LAA,-0.8,30,103,98,7,18,4,0,4,16,1,0,4,28,0.184,0.223,0.347,0.57,59,34,1,1,0,0,0,
270,Zach Neto,Right,24,LAA,1.3,18,75,70,13,21,5,0,4,8,7,1,3,22,0.3,0.347,0.543,0.89,148,38,2,2,0,0,0,
287,Tim Anderson,Right,32,LAA,0,23,68,64,6,13,1,0,0,3,1,0,2,21,0.203,0.239,0.219,0.458,31,14,1,1,1,0,0,
342,Travis d'Arnaud,Right,36,LAA,-0.1,15,49,46,2,10,4,0,0,1,0,0,2,14,0.217,0.265,0.304,0.57,61,14,1,1,0,0,0,
377,Yoán Moncada,Both,30,LAA,0.2,11,39,32,5,7,2,0,2,8,0,0,6,12,0.219,0.359,0.469,0.828,133,15,0,1,0,0,0,
393,Kevin Newman,Right,31,LAA,-0.4,14,32,31,3,5,0,0,0,1,0,0,0,7,0.161,0.161,0.161,0.323,-8,5,1,0,1,0,0,
425,Nicky Lopez,Left,30,LAA,-0.1,4,6,6,0,0,0,0,0,0,0,0,0,1,0,0,0,0,-100,0,0,0,0,0,0,
447,Gustavo Campero,Both,27,LAA,0,5,12,10,1,2,0,0,0,0,1,0,2,2,0.2,0.333,0.2,0.533,56,2,0,0,0,0,0,
461,J.D. Davis,Right,32,LAA,-0.2,5,9,9,0,1,0,0,0,0,0,0,0,3,0.111,0.111,0.111,0.222,-37,1,0,0,0,0,0,
471,Eddie Rosario,Left,33,LAD,0,5,8,8,1,1,0,0,0,0,0,0,0,2,0.125,0.125,0.125,0.25,-29,1,0,0,0,0,0,
17,Shohei Ohtani,Left,30,LAD,2,36,168,142,41,42,6,4,11,16,10,2,26,43,0.296,0.405,0.627,1.032,191,89,0,0,0,0,3,
53,Mookie Betts,Right,32,LAD,1.3,35,153,133,29,35,4,1,5,22,2,0,18,14,0.263,0.353,0.421,0.774,121,56,3,1,0,1,0,
110,Max Muncy,Left,34,LAD,0.4,36,139,117,8,22,7,1,1,8,1,0,19,43,0.188,0.309,0.291,0.6,73,34,2,2,0,1,0,
114,Andy Pages,Right,24,LAD,2,35,138,126,18,35,5,1,6,16,3,1,9,33,0.278,0.341,0.476,0.817,131,60,0,3,0,0,0,
119,Teoscar Hernández,Right,32,LAD,1.6,33,136,130,21,41,10,0,9,34,4,0,4,25,0.315,0.333,0.6,0.933,161,78,4,0,0,1,0,
128,Michael Conforto,Left,32,LAD,-0.7,35,133,111,16,15,4,0,2,6,1,0,20,40,0.135,0.278,0.225,0.503,47,25,7,2,0,0,0,
150,Tommy Edman,Both,30,LAD,1.2,30,122,111,19,28,4,1,8,24,2,1,6,18,0.252,0.295,0.523,0.818,129,58,1,2,0,3,0,
162,Will Smith,Right,30,LAD,1.1,30,117,97,12,31,7,0,3,19,2,1,16,26,0.32,0.41,0.485,0.895,156,47,1,1,0,3,0,
171,Freddie Freeman,Left,35,LAD,1.5,27,112,97,18,35,7,1,8,29,0,1,13,17,0.361,0.438,0.701,1.139,220,68,2,1,0,1,2,
247,Kiké Hernández,Right,33,LAD,0.3,29,82,74,9,14,1,0,5,13,0,0,6,23,0.189,0.247,0.405,0.652,83,30,2,0,1,1,0,
335,Miguel Rojas,Right,36,LAD,-0.3,21,53,52,3,13,2,0,1,3,0,0,1,9,0.25,0.264,0.346,0.61,73,18,3,0,0,0,0,
364,Austin Barnes,Right,35,LAD,-0.1,12,41,40,4,9,3,0,0,2,0,0,1,13,0.225,0.244,0.3,0.544,55,12,1,0,0,0,0,
413,Chris Taylor,Right,34,LAD,-0.3,23,24,24,3,5,1,0,0,2,0,1,0,10,0.208,0.208,0.25,0.458,31,6,1,0,0,0,0,
435,Hyeseong Kim,Left,26,LAD,-0.2,6,16,16,3,5,0,0,0,2,2,0,0,4,0.313,0.313,0.313,0.625,80,5,0,0,0,0,0,
462,James Outman,Left,28,LAD,0,3,9,7,2,1,0,0,1,3,0,0,2,5,0.143,0.333,0.571,0.905,154,4,0,0,0,0,0,
471,Eddie Rosario,Left,33,LAD,0,2,4,4,0,1,0,0,0,0,0,0,0,0,0.25,0.25,0.25,0.5,44,1,0,0,0,0,0,
19,Xavier Edwards,Both,25,MIA,-0.3,36,167,147,16,37,3,1,0,10,9,2,16,29,0.252,0.325,0.286,0.611,70,42,0,1,1,2,1,
117,Kyle Stowers,Left,27,MIA,0.4,34,137,119,18,36,4,1,6,25,2,1,14,40,0.303,0.375,0.504,0.879,139,60,3,1,1,2,1,
142,Eric Wagaman,Right,27,MIA,-0.3,32,126,119,16,29,7,0,3,8,1,1,7,20,0.244,0.286,0.378,0.664,81,45,4,0,0,0,0,
159,Otto López,Right,26,MIA,0.5,30,119,109,15,25,5,0,2,11,3,1,10,17,0.229,0.294,0.33,0.624,71,36,3,0,0,0,1,
214,Matt Mervis,Left,27,MIA,-0.3,29,100,89,12,17,2,0,7,14,0,0,8,40,0.191,0.27,0.449,0.719,94,40,0,2,0,1,1,
251,Dane Myers,Right,29,MIA,0.9,27,81,76,11,26,3,0,3,14,6,2,5,20,0.342,0.383,0.5,0.883,141,38,2,0,0,0,0,
267,Liam Hicks,Left,26,MIA,0.3,23,75,64,7,16,3,0,2,17,0,0,6,10,0.25,0.329,0.391,0.719,97,25,1,2,2,1,0,
271,Javier Sanoja,Right,22,MIA,0.1,24,75,69,10,19,3,0,1,8,2,2,4,15,0.275,0.311,0.362,0.673,85,25,0,0,1,1,0,
274,Jonah Bride,Right,29,MIA,-0.5,12,45,40,3,4,0,0,0,2,0,0,5,15,0.1,0.2,0.1,0.3,-14,4,0,0,0,0,1,
278,Jesús Sánchez,Left,27,MIA,-0.5,18,73,64,4,14,2,0,1,6,2,0,8,18,0.219,0.301,0.297,0.598,65,19,1,0,0,1,0,
280,Griffin Conine,Left,27,MIA,0.3,20,71,64,10,18,7,0,1,7,0,1,7,19,0.281,0.352,0.438,0.79,116,28,0,0,0,0,0,
282,Graham Pauley,Left,24,MIA,-0.3,21,71,64,4,14,5,0,0,5,0,0,5,18,0.219,0.271,0.297,0.568,56,19,1,0,1,1,0,
297,Connor Norby,Right,25,MIA,0.1,17,66,62,12,14,4,0,1,5,2,0,2,23,0.226,0.273,0.339,0.611,67,21,0,2,0,0,0,
327,Agustín Ramírez,Right,23,MIA,0.2,14,56,53,7,15,7,0,4,8,1,1,3,11,0.283,0.321,0.642,0.963,157,34,1,0,0,0,0,
345,Derek Hill,Right,29,MIA,0.3,11,48,42,7,7,2,0,1,3,3,0,3,17,0.167,0.239,0.286,0.525,44,12,0,1,2,0,0,
397,Nick Fortes,Right,28,MIA,0.4,10,29,27,1,8,2,1,0,3,0,0,0,6,0.296,0.321,0.444,0.766,108,12,1,1,1,0,0,
405,Ronny Simón,Both,25,MIA,-0.2,10,26,23,4,6,2,0,0,2,0,0,3,3,0.261,0.346,0.348,0.694,92,8,0,0,0,0,0,
472,Rob Brantly,Left,35,MIA,0.1,3,7,7,0,3,0,0,0,1,0,0,0,1,0.429,0.429,0.429,0.857,137,3,0,0,0,0,0,
24,Jackson Chourio,Right,21,MIL,0.7,37,165,160,23,41,13,1,6,24,3,2,3,35,0.256,0.273,0.463,0.735,103,74,5,1,0,1,0,
60,Christian Yelich,Left,33,MIL,-0.1,36,153,132,17,26,3,0,6,25,7,0,19,42,0.197,0.301,0.356,0.657,84,47,2,1,0,1,1,
70,Brice Turang,Left,25,MIL,1.6,35,150,132,29,42,3,0,3,16,8,3,14,32,0.318,0.383,0.409,0.792,123,54,0,1,1,2,0,
78,William Contreras,Right,27,MIL,1,35,148,124,19,30,2,0,3,19,4,0,23,27,0.242,0.358,0.331,0.689,96,41,1,0,0,1,3,
113,Joey Ortiz,Right,26,MIL,-1,37,138,126,14,22,4,0,0,5,4,1,9,21,0.175,0.235,0.206,0.442,26,26,4,1,2,0,0,
121,Sal Frelick,Left,25,MIL,0.1,35,135,118,16,35,5,2,1,9,7,2,13,16,0.297,0.381,0.398,0.779,120,47,1,3,1,0,0,
137,Rhys Hoskins,Right,32,MIL,0.5,35,130,109,10,29,5,0,4,17,1,1,18,27,0.266,0.377,0.422,0.799,125,46,3,2,0,1,2,
256,Garrett Mitchell,Left,26,MIL,0.1,25,78,68,9,14,4,1,0,3,3,0,7,25,0.206,0.286,0.294,0.58,64,20,0,1,1,1,0,
288,Caleb Durbin,Right,25,MIL,0.1,19,68,58,6,13,3,0,1,10,1,1,3,4,0.224,0.313,0.328,0.641,81,19,1,5,1,1,0,
301,Isaac Collins,Both,27,MIL,0.6,25,64,55,7,14,4,0,1,2,3,1,8,15,0.255,0.359,0.382,0.741,109,21,1,1,0,0,0,
319,Vinny Capra,Right,28,MIL,-0.5,24,59,54,6,4,0,0,1,4,1,0,2,15,0.074,0.121,0.13,0.25,-29,7,4,1,1,1,0,
333,Jake Bauers,Left,29,MIL,0.4,22,53,46,7,12,2,0,3,11,2,0,7,18,0.261,0.358,0.5,0.858,139,23,0,0,0,0,0,
366,Oliver Dunn,Left,27,MIL,-0.3,14,41,36,4,6,2,0,0,6,1,0,2,11,0.167,0.205,0.222,0.427,21,8,0,0,2,1,0,
402,Eric Haase,Right,32,MIL,0.3,13,27,24,6,7,1,0,2,4,0,0,2,9,0.292,0.346,0.583,0.929,156,14,0,0,1,0,0,
444,Daz Cameron,Right,28,MIL,-0.3,8,13,12,2,2,0,0,0,1,1,0,1,6,0.167,0.231,0.167,0.397,14,2,0,0,0,0,0,
274,Jonah Bride,Right,29,MIN,-0.4,23,74,67,5,12,0,0,0,5,0,0,6,21,0.179,0.243,0.179,0.422,20,12,0,0,0,1,1,
415,Kody Clemens,Left,29,MIN,0,14,22,20,3,2,1,0,1,2,0,0,1,4,0.1,0.182,0.3,0.482,33,6,0,1,0,0,0,
55,Ty France,Right,30,MIN,0.3,38,153,137,16,38,8,0,3,21,0,0,10,21,0.277,0.346,0.401,0.748,110,55,4,5,0,1,0,
58,Trevor Larnach,Left,28,MIN,0.1,37,153,134,19,30,2,0,5,17,1,1,16,31,0.224,0.309,0.351,0.66,85,47,3,1,0,1,1,
77,Byron Buxton,Right,31,MIN,1.4,35,148,137,29,37,5,2,9,25,8,0,7,47,0.27,0.311,0.533,0.844,132,73,0,2,0,2,0,
92,Carlos Correa,Right,30,MIN,0.2,37,145,136,13,30,8,0,2,12,0,0,8,27,0.221,0.262,0.324,0.586,64,44,6,0,0,1,0,
181,Ryan Jeffers,Right,28,MIN,0.7,29,110,98,9,26,8,0,2,15,0,0,10,19,0.265,0.345,0.408,0.754,111,40,3,2,0,0,0,
182,Harrison Bader,Right,31,MIN,1.5,34,109,95,15,27,4,0,4,16,3,2,11,27,0.284,0.376,0.453,0.829,132,43,1,3,0,0,0,
199,Edouard Julien,Left,26,MIN,-0.4,29,104,91,8,18,5,0,2,8,0,2,11,29,0.198,0.288,0.319,0.607,71,29,2,1,0,1,0,
246,Willi Castro,Both,28,MIN,-0.1,21,83,76,10,17,6,0,1,5,1,0,4,21,0.224,0.289,0.342,0.631,77,26,0,3,0,0,0,
250,Brooks Lee,Both,24,MIN,0.2,23,81,75,5,19,4,0,2,7,0,1,6,10,0.253,0.309,0.387,0.695,94,29,1,0,0,0,0,
274,Jonah Bride,Right,29,MIN,0,11,29,27,2,8,0,0,0,3,0,0,1,6,0.296,0.31,0.296,0.607,72,8,0,0,0,1,0,
295,Matt Wallner,Left,27,MIN,0.6,18,67,57,7,15,5,2,1,3,0,0,9,19,0.263,0.373,0.474,0.847,136,27,0,1,0,0,0,
324,Christian Vázquez,Right,34,MIN,-0.1,19,58,51,3,9,4,0,0,2,0,1,6,10,0.176,0.259,0.255,0.514,45,13,2,0,0,1,0,
375,Mickey Gasper,Both,29,MIN,-0.1,17,39,34,5,6,1,0,0,3,0,0,4,9,0.176,0.282,0.206,0.488,40,7,0,1,0,0,0,
385,José Miranda,Right,27,MIN,-0.3,12,36,36,2,6,0,0,1,5,0,0,0,13,0.167,0.167,0.25,0.417,15,9,0,0,0,0,0,
398,DaShawn Keirsey Jr.,Left,28,MIN,-0.6,28,29,29,2,2,0,0,0,0,4,2,0,8,0.069,0.069,0.069,0.138,-61,2,0,0,0,0,0,
404,Luke Keaschall,Right,22,MIN,0.4,7,26,19,4,7,3,0,0,2,5,0,5,2,0.368,0.538,0.526,1.065,202,10,0,2,0,0,0,
415,Kody Clemens,Left,29,MIN,0.1,7,15,14,3,2,1,0,1,2,0,0,0,4,0.143,0.2,0.429,0.629,71,6,0,1,0,0,0,
455,Royce Lewis,Right,26,MIN,-0.2,3,10,9,0,0,0,0,0,0,0,0,1,1,0,0.1,0,0.1,-69,0,2,0,0,0,0,
9,Francisco Lindor,Both,31,NYM,1,37,171,150,24,43,7,0,7,24,4,1,12,25,0.287,0.357,0.473,0.83,138,71,2,6,0,3,0,
14,Pete Alonso,Right,30,NYM,2.2,38,169,137,26,45,13,1,9,34,0,1,26,29,0.328,0.45,0.635,1.085,210,87,7,5,0,1,1,
15,Juan Soto,Left,26,NYM,1.6,38,169,138,29,36,9,0,7,17,2,0,29,24,0.261,0.385,0.478,0.863,148,66,7,0,0,2,2,
67,Brandon Nimmo,Left,32,NYM,0.2,36,151,137,16,29,6,0,7,23,0,1,12,25,0.212,0.272,0.409,0.68,94,56,4,0,0,2,1,
102,Mark Vientos,Right,25,NYM,0.2,34,143,127,16,28,5,1,4,15,0,0,15,30,0.22,0.301,0.37,0.671,93,47,3,0,0,1,0,
192,Tyrone Taylor,Right,31,NYM,0.6,31,107,99,15,24,4,3,1,6,2,1,3,23,0.242,0.292,0.374,0.666,91,37,1,4,1,0,0,
217,Luisangel Acuńa,Right,23,NYM,0.7,32,98,88,15,26,6,0,0,5,9,1,8,19,0.295,0.357,0.364,0.721,109,32,3,1,0,1,0,
260,Luis Torrens,Right,29,NYM,0.8,25,78,71,4,17,8,0,1,10,0,0,7,17,0.239,0.308,0.394,0.702,102,28,1,0,0,0,0,
262,Jesse Winker,Left,31,NYM,0.1,24,78,67,8,16,5,2,1,10,1,0,9,20,0.239,0.321,0.418,0.738,112,28,1,0,0,2,1,
268,Starling Marte,Right,36,NYM,0.1,25,75,64,7,12,2,0,2,12,3,0,5,14,0.188,0.293,0.313,0.606,76,20,1,5,0,1,0,
308,Brett Baty,Left,25,NYM,0.1,20,62,58,4,11,3,1,1,4,1,0,3,20,0.19,0.23,0.328,0.557,59,19,2,0,0,0,0,
373,Francisco Alvarez,Right,23,NYM,0.4,9,39,35,2,11,1,0,1,7,0,0,4,11,0.314,0.385,0.429,0.813,135,15,0,0,0,0,0,
376,Jeff McNeil,Left,33,NYM,0.1,10,39,35,3,8,0,2,1,5,0,0,3,5,0.229,0.282,0.429,0.711,102,15,1,0,0,1,1,
400,Hayden Senger,Right,28,NYM,0.2,13,29,28,3,5,1,0,0,0,0,0,1,9,0.179,0.207,0.214,0.421,22,6,0,0,0,0,0,
412,Jose Siri,Right,29,NYM,-0.2,10,24,20,5,1,1,0,0,1,2,0,4,8,0.05,0.208,0.1,0.308,-7,2,0,0,0,0,0,
426,José Azócar,Right,29,NYM,0,8,18,17,4,5,0,0,0,1,1,0,1,1,0.294,0.333,0.294,0.627,84,5,0,0,0,0,0,
25,Aaron Judge,Right,33,NYY,2.9,37,165,140,34,56,9,2,12,34,3,2,23,34,0.4,0.491,0.75,1.241,249,105,5,2,0,0,5,
62,Paul Goldschmidt,Right,37,NYY,0.7,37,152,138,21,47,8,0,3,17,2,0,11,27,0.341,0.391,0.464,0.854,143,64,3,1,0,1,2,
72,Anthony Volpe,Right,24,NYY,1.4,36,150,131,18,30,10,0,5,21,5,3,15,39,0.229,0.313,0.42,0.733,108,55,1,2,0,2,0,
105,Cody Bellinger,Left,29,NYY,0.4,34,139,121,18,26,4,1,5,20,4,1,14,27,0.215,0.288,0.388,0.676,91,47,2,0,0,4,0,
136,Ben Rice,Left,26,NYY,1,33,131,114,22,29,8,1,8,15,2,1,14,32,0.254,0.351,0.553,0.904,154,63,3,3,0,0,0,
144,Jazz Chisholm Jr.,Left,27,NYY,1.1,30,125,105,17,19,3,0,7,17,6,1,15,39,0.181,0.304,0.41,0.714,102,43,1,4,0,1,0,
146,Austin Wells,Left,25,NYY,0.6,33,125,113,12,24,6,1,7,23,1,0,8,25,0.212,0.264,0.469,0.733,104,53,4,1,0,3,0,
157,Jasson Domínguez,Both,22,NYY,0.4,31,119,104,17,24,8,0,2,12,3,0,14,37,0.231,0.328,0.365,0.693,98,38,2,1,0,0,0,
195,Oswaldo Cabrera,Both,26,NYY,0.4,30,105,93,14,23,2,0,1,8,0,1,9,22,0.247,0.327,0.301,0.628,81,28,1,2,1,0,0,
211,Trent Grisham,Left,28,NYY,1.1,31,101,89,19,26,1,0,10,20,0,1,11,19,0.292,0.376,0.64,1.017,184,57,0,1,0,0,0,
360,Oswald Peraza,Right,25,NYY,-0.1,18,44,40,8,8,2,0,1,5,0,0,4,11,0.2,0.273,0.325,0.598,70,13,0,0,0,0,0,
386,J.C. Escarra,Left,30,NYY,0,12,35,29,2,5,2,0,1,4,0,0,4,6,0.172,0.286,0.345,0.631,79,10,1,1,0,1,0,
418,Pablo Reyes,Right,31,NYY,-0.5,14,21,19,2,3,0,0,0,1,1,0,2,7,0.158,0.238,0.158,0.396,16,3,0,0,0,0,0,
443,Jorbit Vivas,Left,24,NYY,-0.1,6,14,10,2,1,0,0,0,2,0,0,3,4,0.1,0.308,0.1,0.408,24,1,0,0,0,0,0,
16,Bryce Harper,Left,32,PHI,0.9,37,168,140,22,33,7,0,6,20,6,0,27,33,0.236,0.357,0.414,0.771,116,58,2,0,0,1,2,
26,Kyle Schwarber,Left,32,PHI,1.5,37,165,133,26,35,3,1,12,28,3,1,28,33,0.263,0.406,0.571,0.977,171,76,0,4,0,0,2,
46,Trea Turner,Right,32,PHI,0.9,35,157,142,23,44,7,0,2,14,9,3,13,27,0.31,0.376,0.401,0.777,118,57,1,2,0,0,0,
61,Nick Castellanos,Right,33,PHI,0,37,152,140,16,39,10,0,4,21,0,0,10,29,0.279,0.329,0.436,0.765,113,61,3,1,0,1,0,
84,Alec Bohm,Right,28,PHI,-0.6,35,147,139,15,33,5,1,1,12,1,0,4,27,0.237,0.272,0.309,0.581,63,43,7,3,0,1,0,
93,Bryson Stott,Left,27,PHI,0.4,34,145,130,21,36,5,2,3,20,7,0,12,29,0.277,0.34,0.415,0.756,111,54,0,1,1,1,0,
122,Max Kepler,Left,32,PHI,0.7,34,135,118,18,29,7,0,5,12,0,0,14,24,0.246,0.333,0.432,0.766,113,51,2,2,0,1,1,
135,J.T. Realmuto,Right,34,PHI,0.5,32,131,118,12,28,5,1,3,12,4,1,13,33,0.237,0.313,0.373,0.686,92,44,9,0,0,0,1,
264,Johan Rojas,Right,24,PHI,0.3,26,76,67,11,20,2,1,1,11,5,1,5,20,0.299,0.338,0.403,0.741,107,27,1,0,2,2,0,
304,Brandon Marsh,Left,27,PHI,-0.7,22,63,53,6,9,2,0,1,7,0,1,8,19,0.17,0.274,0.264,0.538,52,14,1,0,1,1,0,
353,Edmundo Sosa,Right,29,PHI,0.7,18,46,41,8,14,4,0,0,8,0,0,4,9,0.341,0.391,0.439,0.83,133,18,0,0,0,1,0,
410,Rafael Marchán,Both,26,PHI,-0.1,8,24,20,1,2,0,0,0,2,0,0,4,3,0.1,0.25,0.1,0.35,3,2,1,0,0,0,0,
415,Kody Clemens,Left,29,PHI,-0.1,7,7,6,0,0,0,0,0,0,0,0,1,0,0,0.143,0,0.143,-56,0,0,0,0,0,0,
459,Weston Wilson,Right,30,PHI,0,5,10,10,2,3,0,0,1,3,0,0,0,3,0.3,0.3,0.6,0.9,145,6,1,0,0,0,0,
470,Cal Stevenson,Left,28,PHI,-0.2,5,8,8,0,2,0,0,0,1,0,0,0,2,0.25,0.25,0.25,0.5,41,2,0,0,0,0,0,
21,Bryan Reynolds,Both,30,PIT,-0.7,37,167,151,14,33,5,0,5,19,3,2,13,47,0.219,0.281,0.351,0.632,76,53,4,1,0,2,1,
66,Oneil Cruz,Left,26,PIT,0.6,35,151,122,22,30,5,0,8,18,15,1,25,43,0.246,0.377,0.484,0.861,140,59,2,2,0,2,2,
97,Ke'Bryan Hayes,Right,28,PIT,0.4,36,144,134,8,34,3,1,1,14,3,1,8,27,0.254,0.306,0.313,0.619,74,42,4,2,0,0,0,
154,Andrew McCutchen,Right,38,PIT,0.5,32,121,105,10,27,6,0,3,12,1,0,14,20,0.257,0.35,0.4,0.75,110,42,3,1,0,0,0,
164,Adam Frazier,Left,33,PIT,0.5,35,116,105,10,24,3,0,2,10,3,1,8,17,0.229,0.293,0.314,0.607,71,33,4,2,0,1,0,
166,Tommy Pham,Right,37,PIT,-0.1,31,116,104,9,19,4,0,0,6,3,0,10,33,0.183,0.259,0.221,0.48,36,23,6,1,0,1,1,
169,Joey Bart,Right,28,PIT,0.5,29,112,91,7,24,4,1,1,7,1,0,18,29,0.264,0.402,0.363,0.764,117,33,4,3,0,0,0,
183,Isiah Kiner-Falefa,Right,30,PIT,0.7,30,109,100,11,28,3,1,0,7,6,2,7,20,0.28,0.333,0.33,0.663,87,33,2,1,1,0,0,
208,Enmanuel Valdéz,Left,26,PIT,0.1,31,102,91,7,19,4,2,2,12,0,0,11,16,0.209,0.294,0.363,0.657,83,33,2,0,0,0,0,
306,Jared Triolo,Right,27,PIT,-0.1,24,63,57,1,8,3,0,0,1,2,0,4,7,0.14,0.206,0.193,0.399,13,11,2,1,0,1,0,
341,Endy Rodríguez,Both,25,PIT,-0.5,15,50,45,4,8,3,0,0,2,0,1,5,12,0.178,0.26,0.244,0.504,43,11,0,0,0,0,0,
355,Alexander Canario,Right,25,PIT,-0.5,16,45,41,5,5,0,0,1,2,0,0,4,11,0.122,0.2,0.195,0.395,12,8,1,0,0,0,0,
357,Jack Suwinski,Left,26,PIT,-0.2,16,45,39,4,5,1,0,0,1,3,0,6,19,0.128,0.244,0.154,0.398,15,6,1,0,0,0,1,
391,Henry Davis,Right,25,PIT,0.4,11,33,30,4,4,0,0,1,2,0,0,2,5,0.133,0.212,0.233,0.445,25,7,0,1,0,0,0,
424,Matt Gorski,Right,27,PIT,-0.2,8,19,19,1,4,0,1,1,1,0,0,0,7,0.211,0.211,0.474,0.684,85,9,1,0,0,0,0,
473,Tsung-Che Cheng,Left,23,PIT,0,3,7,7,0,0,0,0,0,0,0,1,0,3,0,0,0,0,-100,0,0,0,0,0,0,
478,Liover Peguero,Right,24,PIT,-0.1,2,6,6,0,1,0,0,0,0,0,0,0,1,0.167,0.167,0.167,0.333,-6,1,0,0,0,0,0,
483,Ji Hwan Bae,Left,25,PIT,-0.1,2,4,4,0,0,0,0,0,0,0,0,0,3,0,0,0,0,-100,0,0,0,0,0,0,
64,Fernando Tatis Jr.,Right,26,SDP,2.6,35,152,135,27,43,5,1,8,19,8,2,15,28,0.319,0.388,0.548,0.936,160,74,2,1,0,1,1,
75,Manny Machado,Right,32,SDP,1.4,36,149,134,24,41,12,0,3,16,7,1,14,26,0.306,0.369,0.463,0.832,133,62,4,0,0,1,1,
90,Xander Bogaerts,Right,32,SDP,0.3,36,145,126,15,31,9,0,1,14,6,0,16,32,0.246,0.331,0.341,0.672,90,43,5,1,0,2,2,
132,Luis Arráez,Left,28,SDP,0.2,30,131,118,13,33,4,1,3,12,2,1,8,3,0.28,0.326,0.407,0.732,105,48,2,1,2,2,0,
188,Gavin Sheets,Left,29,SDP,0.3,33,108,97,12,27,4,0,4,14,1,0,9,29,0.278,0.343,0.443,0.786,120,43,2,1,0,1,0,
218,Jose Iglesias,Right,35,SDP,-0.2,28,98,89,4,20,4,0,0,10,2,0,3,14,0.225,0.281,0.27,0.551,56,24,1,4,2,0,0,
263,Elias Díaz,Right,34,SDP,0.1,27,77,68,9,16,1,0,3,6,0,0,8,13,0.235,0.316,0.382,0.698,96,26,4,0,1,0,0,
296,Jason Heyward,Left,35,SDP,-0.3,25,66,57,6,11,2,0,1,8,0,1,5,14,0.193,0.246,0.281,0.527,48,16,0,0,0,3,0,
314,Oscar González,Right,27,SDP,-0.5,21,61,59,2,13,1,0,0,4,0,1,2,13,0.22,0.246,0.237,0.483,37,14,1,0,0,0,0,
321,Tyler Wade,Left,30,SDP,0,19,59,48,5,14,1,1,0,3,0,2,9,16,0.292,0.404,0.354,0.758,116,17,0,0,2,0,0,
330,Martín Maldonado,Right,38,SDP,-0.1,21,55,54,2,11,1,0,1,2,0,0,1,15,0.204,0.218,0.278,0.496,39,15,2,0,0,0,0,
340,Jackson Merrill,Left,22,SDP,1,12,50,45,9,18,3,0,4,12,1,1,3,9,0.4,0.44,0.733,1.173,224,33,1,1,0,1,0,
350,Brandon Lockridge,Right,28,SDP,0.4,18,47,42,6,9,3,0,0,2,6,0,3,9,0.214,0.267,0.286,0.552,56,12,1,0,2,0,0,
358,Jake Cronenworth,Left,31,SDP,0.1,12,44,35,7,9,2,0,2,5,0,0,8,9,0.257,0.409,0.486,0.895,151,17,0,1,0,0,0,
370,Yuli Gurriel,Right,41,SDP,-0.5,16,40,36,2,4,1,0,0,3,0,0,4,8,0.111,0.2,0.139,0.339,-2,5,0,0,0,0,0,
436,Tirso Ornelas,Left,25,SDP,-0.3,7,16,14,0,1,0,0,0,1,0,0,2,2,0.071,0.188,0.071,0.259,-23,1,1,0,0,0,0,
453,Luis Campusano,Right,26,SDP,0,3,10,6,0,0,0,0,0,0,0,0,4,1,0,0.4,0,0.4,25,0,0,0,0,0,0,
454,Connor Joe,Right,32,SDP,-0.2,7,10,9,0,0,0,0,0,0,0,0,1,6,0,0.1,0,0.1,-69,0,0,0,0,0,0,
480,Mason McCoy,Right,30,SDP,-0.2,4,5,5,0,0,0,0,0,0,0,0,0,3,0,0,0,0,-100,0,0,0,0,0,0,
240,Leody Taveras,Both,26,SEA,0,31,86,83,8,20,3,1,1,9,7,1,2,25,0.241,0.259,0.337,0.596,72,28,0,0,1,0,0,
23,Julio Rodríguez,Right,24,SEA,1.3,36,166,145,25,33,4,2,6,17,5,1,17,33,0.228,0.325,0.407,0.732,118,59,2,4,0,0,1,
42,Cal Raleigh,Both,28,SEA,1.9,36,159,134,24,33,7,0,12,25,4,0,23,41,0.246,0.365,0.567,0.932,174,76,1,2,0,0,2,
65,Randy Arozarena,Right,30,SEA,1.1,34,151,121,17,27,7,0,5,18,8,0,25,40,0.223,0.377,0.405,0.782,134,49,2,5,0,0,0,
96,J.P. Crawford,Left,30,SEA,1.5,35,144,118,18,34,3,0,3,17,2,0,23,25,0.288,0.408,0.39,0.798,141,46,1,1,2,0,0,
206,Jorge Polanco,Both,31,SEA,1.3,28,102,92,16,32,6,0,9,27,1,1,7,11,0.348,0.396,0.707,1.103,222,65,1,1,1,1,0,
235,Dylan Moore,Right,32,SEA,1.1,25,87,78,17,23,2,0,6,11,7,4,7,18,0.295,0.345,0.551,0.896,163,43,0,0,0,2,0,
240,Leody Taveras,Both,26,SEA,0,1,4,4,1,1,0,0,0,1,1,0,0,2,0.25,0.25,0.25,0.5,50,1,0,0,0,0,0,
243,Luke Raley,Left,30,SEA,0.3,24,84,68,10,14,2,0,2,8,2,1,10,20,0.206,0.345,0.324,0.669,102,22,0,5,0,1,0,
245,Rowdy Tellez,Left,30,SEA,-0.1,29,84,77,11,16,3,0,5,18,0,0,4,24,0.208,0.262,0.442,0.703,106,34,3,2,0,1,0,
261,Ben Williamson,Right,24,SEA,0,19,78,75,12,19,4,0,1,11,0,1,3,19,0.253,0.282,0.347,0.629,87,26,1,0,0,0,0,
269,Miles Mastrobuoni,Left,29,SEA,-0.3,27,75,64,9,15,3,0,0,6,2,2,8,10,0.234,0.315,0.281,0.596,80,18,1,0,2,1,0,
283,Mitch Garver,Right,34,SEA,0.1,23,70,56,6,12,1,0,1,6,2,0,13,19,0.214,0.371,0.286,0.657,100,16,3,1,0,0,0,
328,Donovan Solano,Right,37,SEA,-0.5,22,56,54,1,8,1,0,0,1,0,0,1,15,0.148,0.161,0.167,0.327,-2,9,1,0,0,1,0,
338,Leo Rivas,Both,27,SEA,0.6,18,51,41,11,14,1,0,0,3,4,0,10,8,0.341,0.471,0.366,0.836,155,15,1,0,0,0,0,
352,Víctor Robles,Right,28,SEA,-0.3,10,46,44,3,12,3,0,0,3,3,0,0,7,0.273,0.283,0.341,0.624,86,15,1,1,0,1,0,
374,Ryan Bliss,Right,25,SEA,-0.1,11,39,35,1,7,1,0,1,3,2,2,4,11,0.2,0.282,0.314,0.596,78,11,2,0,0,0,0,
458,Rhylan Thomas,Left,25,SEA,0,3,10,8,2,1,1,0,0,2,0,0,1,0,0.125,0.2,0.25,0.45,34,2,0,0,0,1,0,
463,Samad Taylor,Right,26,SEA,-0.1,4,9,8,1,1,0,0,0,0,0,0,0,1,0.125,0.125,0.125,0.25,-25,1,0,0,1,0,0,
13,Willy Adames,Right,29,SFG,0,38,169,148,22,34,7,0,4,19,2,2,18,40,0.23,0.314,0.358,0.672,96,53,1,1,0,2,0,
32,Matt Chapman,Right,32,SFG,1.9,38,161,132,21,29,5,0,7,23,5,1,29,42,0.22,0.36,0.417,0.777,126,55,1,0,0,0,0,
43,Heliot Ramos,Right,25,SFG,0.3,37,159,143,26,36,9,0,5,14,3,0,12,40,0.252,0.321,0.42,0.74,114,60,4,3,0,1,0,
47,Jung Hoo Lee,Left,26,SFG,1.6,37,156,143,27,43,11,2,4,23,3,1,11,21,0.301,0.353,0.49,0.842,143,70,0,1,0,1,0,
99,Wilmer Flores,Right,33,SFG,0.3,37,143,133,17,34,2,0,7,33,1,0,9,29,0.256,0.308,0.429,0.736,112,57,4,1,0,0,0,
124,Mike Yastrzemski,Left,34,SFG,1.2,33,135,115,18,32,7,0,5,17,2,2,19,27,0.278,0.385,0.47,0.855,148,54,2,1,0,0,1,
163,LaMonte Wade Jr.,Left,31,SFG,-0.9,33,117,101,9,16,6,1,1,13,0,0,14,26,0.158,0.259,0.267,0.526,54,27,2,0,1,1,1,
190,Patrick Bailey,Both,26,SFG,0,33,107,98,10,19,6,1,0,12,0,0,6,35,0.194,0.234,0.276,0.509,48,27,1,0,0,3,0,
232,Tyler Fitzgerald,Right,27,SFG,0.9,25,90,81,14,23,4,1,2,7,5,1,6,20,0.284,0.341,0.432,0.773,124,35,0,1,2,0,0,
334,Luis Matos,Right,23,SFG,-0.4,16,53,50,7,10,2,0,3,4,1,0,3,6,0.2,0.245,0.42,0.665,90,21,4,0,0,0,0,
356,Christian Koss,Right,27,SFG,0.2,18,45,40,5,8,0,0,0,2,0,0,3,11,0.2,0.273,0.2,0.473,41,8,0,1,1,0,0,
380,Sam Huff,Right,27,SFG,-0.1,13,38,34,2,7,1,0,1,3,0,0,3,15,0.206,0.263,0.324,0.587,70,11,2,0,0,1,0,
411,Casey Schmitt,Right,26,SFG,0.1,8,24,23,1,4,2,0,0,2,0,0,0,9,0.174,0.208,0.261,0.469,36,6,0,1,0,0,0,
439,David Villar,Right,28,SFG,0,5,16,13,3,3,1,0,0,0,0,0,2,2,0.231,0.375,0.308,0.683,102,4,1,1,0,0,0,
465,Brett Wisely,Left,26,SFG,-0.1,4,9,7,1,0,0,0,0,2,0,1,0,3,0,0,0,0,-100,0,0,0,2,0,0,
10,Lars Nootbaar,Left,27,STL,1.5,37,171,142,24,35,8,0,5,19,4,1,28,26,0.246,0.374,0.408,0.783,121,58,3,1,0,0,2,
44,Willson Contreras,Right,33,STL,0.1,37,158,139,16,34,5,0,5,19,2,0,13,40,0.245,0.331,0.388,0.72,102,54,6,5,1,0,1,
50,Brendan Donovan,Left,28,STL,1.5,36,154,139,20,46,10,0,3,19,3,1,11,15,0.331,0.386,0.468,0.853,139,65,3,2,1,1,0,
87,Nolan Arenado,Right,34,STL,1,34,146,129,16,33,9,0,3,14,1,0,16,14,0.256,0.342,0.395,0.738,107,51,3,1,0,0,3,
138,Victor Scott II,Left,24,STL,1.6,34,129,114,18,33,6,1,2,15,11,1,13,32,0.289,0.359,0.412,0.772,117,47,1,0,1,1,0,
151,Jordan Walker,Right,23,STL,-0.3,31,122,112,9,22,2,0,2,11,2,2,9,38,0.196,0.262,0.268,0.53,50,30,3,1,0,0,0,
168,Alec Burleson,Left,26,STL,-0.1,34,115,108,10,27,4,0,2,11,2,0,7,18,0.25,0.296,0.343,0.638,79,37,2,0,0,0,1,
209,Masyn Winn,Right,23,STL,0.7,27,102,90,17,24,6,0,3,10,2,2,9,25,0.267,0.343,0.433,0.776,117,39,1,2,0,1,0,
222,Pedro Pagés,Right,26,STL,0.2,27,96,92,10,22,7,0,2,13,0,0,2,21,0.239,0.26,0.38,0.641,78,35,2,1,0,1,0,
249,Nolan Gorman,Left,25,STL,-0.2,22,81,66,10,12,5,0,1,9,0,1,12,23,0.182,0.296,0.303,0.599,70,20,1,0,0,3,1,
361,Thomas Saggese,Right,23,STL,0.1,14,44,41,4,14,4,0,1,7,0,0,2,11,0.341,0.364,0.512,0.876,144,21,1,0,0,1,0,
363,Luken Baker,Right,28,STL,-0.1,19,41,34,3,8,3,0,0,2,0,0,7,10,0.235,0.366,0.324,0.689,96,11,3,0,0,0,0,
378,Yohel Pozo,Right,28,STL,0.3,11,39,38,5,12,3,0,1,2,0,0,1,1,0.316,0.333,0.474,0.807,124,18,1,0,0,0,0,
409,Iván Herrera,Right,25,STL,0.5,7,24,21,6,8,2,0,4,11,0,0,3,5,0.381,0.458,1.048,1.506,309,22,3,0,0,0,0,
431,Michael Siani,Left,25,STL,-0.3,18,17,16,4,4,0,0,0,0,0,0,1,6,0.25,0.294,0.25,0.544,55,4,0,0,0,0,0,
442,Jose Barrero,Right,27,STL,0.2,6,14,13,2,3,1,0,1,3,0,0,0,5,0.231,0.286,0.538,0.824,126,7,0,1,0,0,0,
28,Yandy Díaz,Right,33,TBR,0.3,37,163,149,15,38,8,0,6,20,2,0,11,22,0.255,0.307,0.43,0.736,109,64,4,1,0,2,0,
91,Junior Caminero,Right,21,TBR,-0.1,35,145,135,18,33,6,0,7,16,1,0,7,29,0.244,0.276,0.444,0.72,103,60,10,0,0,3,0,
120,Brandon Lowe,Left,30,TBR,0.2,33,136,126,12,25,1,0,4,17,1,1,9,38,0.198,0.25,0.302,0.552,58,38,0,0,0,1,0,
147,Jonathan Aranda,Left,27,TBR,1.6,33,124,105,16,35,9,0,5,17,0,0,15,28,0.333,0.427,0.562,0.989,182,59,3,3,0,1,0,
175,Christopher Morel,Right,26,TBR,-0.2,32,112,100,12,22,6,0,3,11,2,2,11,44,0.22,0.304,0.37,0.674,92,37,2,1,0,0,0,
184,Kameron Misner,Left,27,TBR,0.7,32,109,100,14,26,7,1,3,11,2,0,6,31,0.26,0.303,0.44,0.743,110,44,1,1,0,2,0,
215,Taylor Walls,Both,28,TBR,1.3,33,100,88,13,18,1,0,1,7,5,1,10,23,0.205,0.28,0.25,0.53,54,22,1,0,0,2,0,
227,Danny Jansen,Right,30,TBR,0.4,26,92,76,5,12,2,0,1,6,0,0,16,21,0.158,0.304,0.224,0.528,55,17,3,0,0,0,0,
238,José Caballero,Right,28,TBR,0.7,29,86,76,8,18,4,1,1,11,9,3,10,30,0.237,0.326,0.355,0.681,96,27,0,0,0,0,0,
276,Jake Mangum,Both,29,TBR,0.8,21,73,68,7,23,4,0,0,7,8,0,5,7,0.338,0.384,0.397,0.781,125,27,2,0,0,0,0,
291,Chandler Simpson,Left,24,TBR,-0.2,17,68,63,9,17,1,0,0,5,6,1,3,10,0.27,0.299,0.286,0.584,69,18,1,0,0,1,0,
311,Curtis Mead,Right,24,TBR,-0.3,25,62,55,1,9,1,0,0,3,1,1,4,16,0.164,0.242,0.182,0.424,24,10,2,2,0,1,0,
346,Ben Rortvedt,Left,27,TBR,-0.5,17,48,42,2,4,1,0,0,3,0,0,6,9,0.095,0.208,0.119,0.327,-3,5,0,0,0,0,0,
390,Travis Jankowski,Left,34,TBR,0,9,19,18,4,5,1,0,0,0,2,0,1,6,0.278,0.316,0.333,0.649,87,6,0,0,0,0,0,
408,Jonny DeLuca,Right,26,TBR,0.4,9,25,23,4,10,0,1,0,1,4,0,2,4,0.435,0.48,0.522,1.002,188,12,0,0,0,0,0,
456,Coco Montes,Right,28,TBR,0.1,5,10,10,0,2,0,0,0,1,0,0,0,3,0.2,0.2,0.2,0.4,16,2,0,0,0,0,0,
69,Marcus Semien,Right,34,TEX,-0.6,37,151,134,11,24,1,0,2,14,1,1,15,30,0.179,0.258,0.231,0.49,44,31,3,0,0,2,0,
100,Adolis García,Right,32,TEX,0.8,37,143,129,11,30,7,0,5,20,4,1,8,32,0.233,0.287,0.403,0.69,98,52,2,3,0,3,0,
158,Wyatt Langford,Right,23,TEX,1.5,28,119,104,12,29,5,0,6,14,6,2,12,24,0.279,0.353,0.5,0.853,145,52,5,1,0,2,0,
161,Josh Smith,Left,27,TEX,1.4,32,117,103,16,33,4,1,3,9,4,1,13,22,0.32,0.397,0.466,0.863,150,48,0,0,1,0,1,
172,Josh Jung,Right,27,TEX,0.6,29,112,106,9,28,6,1,3,10,2,1,6,22,0.264,0.304,0.425,0.728,109,45,3,0,0,0,0,
185,Jake Burger,Right,29,TEX,-0.7,30,108,100,13,19,5,0,3,12,0,1,3,32,0.19,0.231,0.33,0.561,61,33,0,3,0,2,0,
193,Jonah Heim,Both,30,TEX,0.8,29,106,97,12,28,2,0,4,11,2,0,8,21,0.289,0.349,0.433,0.782,126,42,3,1,0,0,0,
197,Joc Pederson,Left,33,TEX,-0.8,32,105,91,4,12,5,1,0,2,0,0,11,22,0.132,0.24,0.209,0.449,32,19,4,2,0,0,0,
203,Corey Seager,Left,31,TEX,1.2,25,103,96,12,27,3,0,4,9,0,0,7,18,0.281,0.33,0.438,0.768,121,42,1,0,0,0,1,
240,Leody Taveras,Both,26,TEX,0,30,82,79,7,19,3,1,1,8,6,1,2,23,0.241,0.259,0.342,0.601,73,27,0,0,1,0,0,
315,Kyle Higashioka,Right,35,TEX,0,17,61,59,3,15,5,0,1,8,0,0,2,10,0.254,0.279,0.39,0.669,92,23,1,0,0,0,0,
379,Dustin Harris,Left,25,TEX,0.2,16,38,35,4,7,2,0,1,1,1,1,3,11,0.2,0.263,0.343,0.606,75,12,1,0,0,0,0,
381,Kevin Pillar,Right,36,TEX,0.1,18,38,38,6,9,2,0,0,1,3,0,0,6,0.237,0.237,0.289,0.526,52,11,0,0,0,0,0,
440,Ezequiel Durán,Right,26,TEX,-0.3,7,15,14,0,0,0,0,0,1,0,0,0,4,0,0,0,0,-100,0,0,0,0,1,0,
445,Evan Carter,Left,22,TEX,-0.2,3,13,13,1,2,0,0,0,0,0,0,0,1,0.154,0.154,0.154,0.308,-10,2,0,0,0,0,0,
450,Blaine Crim,Right,28,TEX,-0.2,4,11,9,1,0,0,0,0,0,0,0,1,5,0,0.182,0,0.182,-41,0,0,1,0,0,0,
452,Nick Ahmed,Right,35,TEX,0.1,5,10,9,1,0,0,0,0,0,1,0,1,3,0,0.1,0,0.1,-68,0,1,0,0,0,0,
466,Tucker Barnhart,Left,34,TEX,0.1,3,8,7,0,3,0,0,0,0,0,0,0,2,0.429,0.5,0.429,0.929,174,3,0,1,0,0,0,
477,Jonathan Ornelas,Right,25,TEX,0,4,6,5,0,0,0,0,0,0,0,0,1,3,0,0.167,0,0.167,-46,0,0,0,0,0,0,
6,Bo Bichette,Right,27,TOR,0.3,37,171,160,14,44,11,0,1,16,4,2,8,28,0.275,0.316,0.363,0.678,94,58,2,2,0,1,1,
30,Vladimir Guerrero Jr.,Right,26,TOR,1,37,162,139,19,41,7,0,4,18,0,1,20,31,0.295,0.383,0.432,0.814,133,60,3,1,0,2,3,
38,Anthony Santander,Both,30,TOR,-0.4,36,160,143,12,28,5,0,5,16,0,0,16,36,0.196,0.275,0.336,0.611,74,48,4,0,0,1,0,
101,Andrés Giménez,Left,26,TOR,0.9,36,143,128,17,25,5,0,3,10,9,1,10,26,0.195,0.273,0.305,0.577,65,39,1,4,0,1,0,
139,George Springer,Right,35,TOR,0.9,34,128,104,17,31,8,1,4,15,5,0,21,33,0.298,0.413,0.51,0.922,162,53,3,0,0,1,1,
160,Alejandro Kirk,Right,26,TOR,-0.1,29,118,112,5,29,3,0,2,13,0,0,4,15,0.259,0.288,0.339,0.627,79,38,6,1,0,1,1,
210,Ernie Clement,Right,29,TOR,0.2,35,101,94,7,23,6,0,0,5,1,2,4,15,0.245,0.273,0.309,0.581,66,29,3,0,2,1,0,
244,Alan Roden,Left,25,TOR,-0.3,28,84,73,7,13,3,0,1,5,0,0,5,18,0.178,0.262,0.26,0.522,50,19,0,4,0,2,0,
292,Will Wagner,Left,26,TOR,-0.2,20,68,59,4,11,2,0,0,2,1,0,8,15,0.186,0.284,0.22,0.504,47,13,0,0,1,0,0,
302,Myles Straw,Right,30,TOR,0.7,29,64,59,9,17,3,0,1,4,2,1,3,12,0.288,0.323,0.39,0.712,103,23,1,0,2,0,0,
316,Nathan Lukes,Left,30,TOR,0.4,23,61,50,10,13,2,0,1,9,0,2,7,9,0.26,0.367,0.36,0.727,109,18,1,2,1,1,0,
354,Addison Barger,Left,25,TOR,-0.1,16,45,41,2,7,3,0,0,3,0,0,3,8,0.171,0.244,0.244,0.488,40,10,0,1,0,0,0,
388,Tyler Heineman,Both,34,TOR,0.8,13,34,32,6,13,3,0,1,6,1,0,1,7,0.406,0.412,0.594,1.006,183,19,0,0,0,1,0,
406,Daulton Varsho,Left,28,TOR,0.5,7,26,22,4,6,1,0,3,6,1,0,3,11,0.273,0.346,0.727,1.073,197,16,0,0,0,1,1,
419,Davis Schneider,Right,26,TOR,0.1,10,21,15,2,1,0,0,0,1,0,0,5,8,0.067,0.333,0.067,0.4,23,1,1,1,0,0,0,
467,Jonatan Clase,Both,23,TOR,-0.1,2,8,8,0,1,0,0,0,0,0,0,0,2,0.125,0.125,0.125,0.25,-28,1,0,0,0,0,0,
12,James Wood,Left,22,WSN,1.3,38,170,146,22,41,10,0,10,23,5,2,23,45,0.281,0.382,0.555,0.937,165,81,1,1,0,0,0,
40,Nathaniel Lowe,Left,29,WSN,0.3,38,159,141,14,36,7,0,6,28,1,0,17,45,0.255,0.34,0.433,0.772,120,61,2,1,0,0,0,
115,Dylan Crews,Right,23,WSN,-0.1,35,137,128,20,24,2,1,4,7,9,1,6,39,0.188,0.241,0.313,0.553,57,40,0,3,0,0,0,
118,Luis García Jr.,Left,25,WSN,-0.3,34,136,119,18,28,5,0,3,13,6,0,10,19,0.235,0.294,0.353,0.647,85,42,0,2,0,5,0,
131,Keibert Ruiz,Both,26,WSN,0.5,33,132,122,13,36,5,0,2,14,0,1,8,15,0.295,0.348,0.385,0.734,110,47,2,2,0,0,0,
143,Josh Bell,Both,32,WSN,-0.9,31,125,112,12,15,0,1,5,14,0,1,12,28,0.134,0.224,0.286,0.51,45,32,5,1,0,0,0,
178,CJ Abrams,Left,24,WSN,1.1,25,111,98,16,28,5,2,4,14,8,2,8,22,0.286,0.355,0.5,0.855,142,49,0,3,1,1,0,
189,Jacob Young,Right,25,WSN,0.2,33,108,91,15,20,4,0,0,5,5,3,11,15,0.22,0.317,0.264,0.581,69,24,2,2,4,0,0,
234,Alex Call,Right,30,WSN,0.6,25,89,69,13,24,4,1,0,14,1,0,16,8,0.348,0.455,0.435,0.889,157,30,1,0,1,3,0,
284,Amed Rosario,Right,29,WSN,0.1,20,70,68,11,19,5,0,2,9,1,0,2,8,0.279,0.3,0.441,0.741,109,30,1,0,0,0,0,
317,José Tena,Left,24,WSN,-0.1,20,61,59,5,13,3,1,0,7,0,1,2,17,0.22,0.246,0.305,0.551,57,18,0,0,0,0,0,
325,Paul DeJong,Right,31,WSN,0,16,57,54,3,11,4,0,0,2,2,0,2,24,0.204,0.246,0.278,0.523,50,15,1,1,0,0,0,
389,Nasim Nuńez,Both,24,WSN,0.1,13,34,30,2,5,1,0,0,3,3,0,3,7,0.167,0.242,0.2,0.442,29,6,1,0,1,0,0,
407,Riley Adams,Right,29,WSN,-0.1,9,25,25,3,5,1,0,2,6,0,0,0,11,0.2,0.2,0.48,0.68,88,12,1,0,0,0,0,
486,Trey Lipscomb,Right,25,WSN,0.1,3,4,4,1,2,0,0,0,0,0,0,0,1,0.5,0.5,0.5,1,188,2,0,0,0,0,0,
